[{"path":"/aws-service-ce","method":"POST","status":"ACTIVE","mockType":"RULE","statefulParent":false,"proxyTimeoutInMillis":0,"webSocketTimeoutInMillis":0,"sseHeartBeatInMillis":0,"proxyPushIdOnConnect":false,"randomiseDefinitions":false,"proxyForwardWhenNoRuleMatch":false,"randomiseLatency":false,"randomiseLatencyRangeMinMillis":0,"randomiseLatencyRangeMaxMillis":0,"projectId":null,"definitions":[{"extId":"dadf75b5-4b96-4284-9193-10517997fdba","orderNo":1,"httpStatusCode":404,"responseContentType":"application/json","responseBody":null,"sleepInMillis":0,"suspend":false,"frequencyCount":0,"frequencyPercentage":0,"responseHeaders":{}}],"customJsSyntax":null,"rules":[],"statefulDefaultResponseBody":null,"statefulIdFieldName":null,"statefulIdFieldLocation":null,"extId":"d8645cae-cb1d-480e-96e0-68bf98e03341","dateCreated":1606975875404,"createdBy":"admin","userCtxPath":""},{"path":"/aws-service-ec2","method":"POST","status":"ACTIVE","mockType":"RULE","statefulParent":false,"proxyTimeoutInMillis":0,"webSocketTimeoutInMillis":0,"sseHeartBeatInMillis":0,"proxyPushIdOnConnect":false,"randomiseDefinitions":false,"proxyForwardWhenNoRuleMatch":false,"randomiseLatency":false,"randomiseLatencyRangeMinMillis":0,"randomiseLatencyRangeMaxMillis":0,"projectId":null,"definitions":[{"extId":"2b862667-8eb9-4c82-9dc1-f690c37da0be","orderNo":1,"httpStatusCode":404,"responseContentType":"application/json","responseBody":null,"sleepInMillis":0,"suspend":false,"frequencyCount":0,"frequencyPercentage":0,"responseHeaders":{}}],"customJsSyntax":null,"rules":[],"statefulDefaultResponseBody":null,"statefulIdFieldName":null,"statefulIdFieldLocation":null,"extId":"797ee08b-304d-46c2-b70a-b154b95fbab7","dateCreated":1606975875341,"createdBy":"admin","userCtxPath":""},{"path":"/aws-service-email","method":"POST","status":"ACTIVE","mockType":"RULE","statefulParent":false,"proxyTimeoutInMillis":0,"webSocketTimeoutInMillis":0,"sseHeartBeatInMillis":0,"proxyPushIdOnConnect":false,"randomiseDefinitions":false,"proxyForwardWhenNoRuleMatch":false,"randomiseLatency":false,"randomiseLatencyRangeMinMillis":0,"randomiseLatencyRangeMaxMillis":0,"projectId":null,"definitions":[{"extId":"3dd8afa4-63c5-474d-ab0b-49ea23755aeb","orderNo":1,"httpStatusCode":404,"responseContentType":"application/json","responseBody":null,"sleepInMillis":0,"suspend":false,"frequencyCount":0,"frequencyPercentage":0,"responseHeaders":{}}],"customJsSyntax":null,"rules":[],"statefulDefaultResponseBody":null,"statefulIdFieldName":null,"statefulIdFieldLocation":null,"extId":"ababde42-e601-4428-940e-671ffa7fb22b","dateCreated":1606200718880,"createdBy":"admin","userCtxPath":""},{"path":"/aws-service-secretsmanager","method":"POST","status":"ACTIVE","mockType":"RULE","statefulParent":false,"proxyTimeoutInMillis":0,"webSocketTimeoutInMillis":0,"sseHeartBeatInMillis":0,"proxyPushIdOnConnect":false,"randomiseDefinitions":false,"proxyForwardWhenNoRuleMatch":false,"randomiseLatency":false,"randomiseLatencyRangeMinMillis":0,"randomiseLatencyRangeMaxMillis":0,"projectId":null,"definitions":[{"extId":"b1868588-c90a-4181-8fc1-f0eb59829085","orderNo":1,"httpStatusCode":404,"responseContentType":"application/json","responseBody":null,"sleepInMillis":0,"suspend":false,"frequencyCount":0,"frequencyPercentage":0,"responseHeaders":{}}],"customJsSyntax":null,"rules":[],"statefulDefaultResponseBody":null,"statefulIdFieldName":null,"statefulIdFieldLocation":null,"extId":"3acc4b50-7ca0-48bf-95df-f8adc0fe480a","dateCreated":1606200698448,"createdBy":"admin","userCtxPath":""},{"path":"/aws-service-sqs","method":"POST","status":"ACTIVE","mockType":"RULE","statefulParent":false,"proxyTimeoutInMillis":0,"webSocketTimeoutInMillis":0,"sseHeartBeatInMillis":0,"proxyPushIdOnConnect":false,"randomiseDefinitions":false,"proxyForwardWhenNoRuleMatch":false,"randomiseLatency":false,"randomiseLatencyRangeMinMillis":0,"randomiseLatencyRangeMaxMillis":0,"projectId":null,"definitions":[{"extId":"78e02130-2252-454f-bee6-6c6e7cb4ded9","orderNo":1,"httpStatusCode":404,"responseContentType":"application/json","responseBody":null,"sleepInMillis":0,"suspend":false,"frequencyCount":0,"frequencyPercentage":0,"responseHeaders":{}}],"customJsSyntax":null,"rules":[],"statefulDefaultResponseBody":null,"statefulIdFieldName":null,"statefulIdFieldLocation":null,"extId":"dc68d619-9068-4c84-96c4-b9ee5f0116a6","dateCreated":1606200743867,"createdBy":"admin","userCtxPath":""},{"path":"/aws-service-states","method":"POST","status":"ACTIVE","mockType":"RULE","statefulParent":false,"proxyTimeoutInMillis":0,"webSocketTimeoutInMillis":0,"sseHeartBeatInMillis":0,"proxyPushIdOnConnect":false,"randomiseDefinitions":false,"proxyForwardWhenNoRuleMatch":false,"randomiseLatency":false,"randomiseLatencyRangeMinMillis":0,"randomiseLatencyRangeMaxMillis":0,"projectId":null,"definitions":[{"extId":"b9b08446-4409-4d70-97d4-ef6808e887c9","orderNo":1,"httpStatusCode":404,"responseContentType":"application/json","responseBody":null,"sleepInMillis":0,"suspend":false,"frequencyCount":0,"frequencyPercentage":0,"responseHeaders":{}}],"customJsSyntax":null,"rules":[],"statefulDefaultResponseBody":null,"statefulIdFieldName":null,"statefulIdFieldLocation":null,"extId":"5969c640-37d2-40b5-a77a-98d5d2d75cbd","dateCreated":1606200648898,"createdBy":"admin","userCtxPath":""},{"path":"/aws-service-sts","method":"POST","status":"ACTIVE","mockType":"RULE","statefulParent":false,"proxyTimeoutInMillis":0,"webSocketTimeoutInMillis":0,"sseHeartBeatInMillis":0,"proxyPushIdOnConnect":false,"randomiseDefinitions":false,"proxyForwardWhenNoRuleMatch":false,"randomiseLatency":false,"randomiseLatencyRangeMinMillis":0,"randomiseLatencyRangeMaxMillis":0,"projectId":null,"definitions":[{"extId":"ca15bedc-beef-4cc2-9808-b828e4887a6d","orderNo":1,"httpStatusCode":404,"responseContentType":"application/json","responseBody":null,"sleepInMillis":0,"suspend":false,"frequencyCount":0,"frequencyPercentage":0,"responseHeaders":{}}],"customJsSyntax":null,"rules":[],"statefulDefaultResponseBody":null,"statefulIdFieldName":null,"statefulIdFieldLocation":null,"extId":"fece224a-03b5-4e19-8cd9-fb87b685e0ea","dateCreated":1606975875222,"createdBy":"admin","userCtxPath":""}]