[{"path":"/aws-service-sts","method":"POST","status":"ACTIVE","mockType":"RULE","statefulParent":false,"proxyTimeoutInMillis":0,"webSocketTimeoutInMillis":0,"sseHeartBeatInMillis":0,"proxyPushIdOnConnect":false,"randomiseDefinitions":false,"proxyForwardWhenNoRuleMatch":false,"randomiseLatency":false,"randomiseLatencyRangeMinMillis":0,"randomiseLatencyRangeMaxMillis":0,"projectId":null,"definitions":[{"extId":"6c371fa8-bd1b-4bf7-b558-9b861bd77215","orderNo":1,"httpStatusCode":404,"responseContentType":"application/json","responseBody":null,"sleepInMillis":0,"suspend":false,"frequencyCount":0,"frequencyPercentage":0,"responseHeaders":{}}],"customJsSyntax":null,"rules":[{"extId":"f7b2b896-f75e-4cbb-bb50-c075a103a9ca","orderNo":1,"httpStatusCode":200,"responseContentType":"application/xml","responseBody":"<GetCallerIdentityResponse xmlns=\"https://sts.amazonaws.com/doc/2011-06-15/\"> <GetCallerIdentityResult> <Arn>arn:aws:iam::123456789:user/mock</Arn> <UserId>AIDA6O7CK5ANFFANAX6WA</UserId> <Account>994222729242</Account> </GetCallerIdentityResult> <ResponseMetadata> <RequestId>4d31a2ca-6488-4eb5-b22c-427790f8e66e</RequestId> </ResponseMetadata> </GetCallerIdentityResponse>","sleepInMillis":0,"suspend":false,"responseHeaders":{},"groups":[{"extId":"b3333387-8c70-4d5f-ab1c-892e224d9abc","orderNo":1,"conditions":[{"extId":"ad7b9fdc-ed53-40a8-b499-8e4cd9f82f4c","field":null,"dataType":"TEXT","comparator":"EQUALS","value":"Action=GetCallerIdentity&Version=2011-06-15","ruleMatchingType":"REQUEST_BODY","caseSensitive":false}]}]}],"statefulDefaultResponseBody":null,"statefulIdFieldName":null,"statefulIdFieldLocation":null,"extId":"6d67d7d7-7ec1-41ca-9e0a-2f41796eb12d","dateCreated":1604484689264,"createdBy":"admin","userCtxPath":""},{"path":"/aws-service-ec2","method":"POST","status":"ACTIVE","mockType":"RULE","statefulParent":false,"proxyTimeoutInMillis":0,"webSocketTimeoutInMillis":0,"sseHeartBeatInMillis":0,"proxyPushIdOnConnect":false,"randomiseDefinitions":false,"proxyForwardWhenNoRuleMatch":false,"randomiseLatency":false,"randomiseLatencyRangeMinMillis":0,"randomiseLatencyRangeMaxMillis":0,"projectId":null,"definitions":[{"extId":"fe43b908-781b-46e9-991c-4f659ae61d41","orderNo":1,"httpStatusCode":404,"responseContentType":"application/json","responseBody":null,"sleepInMillis":0,"suspend":false,"frequencyCount":0,"frequencyPercentage":0,"responseHeaders":{}}],"customJsSyntax":null,"rules":[],"statefulDefaultResponseBody":null,"statefulIdFieldName":null,"statefulIdFieldLocation":null,"extId":"3ae2651b-666a-4b8f-a99f-e3f1ad71b37d","dateCreated":1604484689253,"createdBy":"admin","userCtxPath":""},{"path":"/aws-service-ce","method":"POST","status":"ACTIVE","mockType":"RULE","statefulParent":false,"proxyTimeoutInMillis":0,"webSocketTimeoutInMillis":0,"sseHeartBeatInMillis":0,"proxyPushIdOnConnect":false,"randomiseDefinitions":false,"proxyForwardWhenNoRuleMatch":false,"randomiseLatency":false,"randomiseLatencyRangeMinMillis":0,"randomiseLatencyRangeMaxMillis":0,"projectId":null,"definitions":[{"extId":"da768759-ef46-4e67-826c-8f46816924a2","orderNo":1,"httpStatusCode":404,"responseContentType":"application/json","responseBody":null,"sleepInMillis":0,"suspend":false,"frequencyCount":0,"frequencyPercentage":0,"responseHeaders":{}}],"customJsSyntax":null,"rules":[],"statefulDefaultResponseBody":null,"statefulIdFieldName":null,"statefulIdFieldLocation":null,"extId":"15036c31-4979-4cc6-aed5-cc1437c8a6f3","dateCreated":1604484689204,"createdBy":"admin","userCtxPath":""}]